,vol_frac,trial_index,arm_name,mu1_div_mu3,mu2_div_mu3,std1,std2,std3,comp1,comp2,trial_status,generation_method,comp3,runtime,vol_frac_pred,vol_frac_sigma
0,0.541,0,0_0,1.221901547163725,1.4638623719414077,0.5466022706590593,0.9681786770932377,0.21532330829650165,0.1950044333934784,0.1061813235282898,COMPLETED,Sobol,0.6988142430782318,7.972536,0.5287679054058685,0.023859402193054328
1,0.497,1,1_0,1.6256089707215629,1.6514113210141659,0.15013661533594133,0.2449614966288209,0.6319479746744037,0.4213501587510109,0.03504499699920416,COMPLETED,Sobol,0.543604844249785,8.742404,0.49919016353689144,0.022535514488126403
2,0.44,2,2_0,0.3333333333333333,0.3333333333333342,1.0,1.0,0.1,0.0,1.0,COMPLETED,FullyBayesian,0.0,76.094904,0.44072249730743546,0.02203122683840427
3,0.5,3,3_0,0.3333333333333346,0.33333333333333354,0.7599754317603431,1.0,0.1,0.9999999999999998,1.2933576723515294e-16,COMPLETED,FullyBayesian,1.1102230246251565e-16,81.327891,0.4998992813156393,0.021817776632825015
4,0.348,4,4_0,1.6666666666666665,1.6666666666666656,1.0,1.0,0.1000000000000002,5.589356701307177e-17,0.0,COMPLETED,FullyBayesian,0.9999999999999999,1.600023,0.35798555290056333,0.02366578221545926
