,vol_frac,trial_index,arm_name,mu1_div_mu3,mu2_div_mu3,std1,std2,std3,comp1,comp2,trial_status,generation_method,comp3,runtime,vol_frac_pred,vol_frac_sigma
0,0.463,0,0_0,3.6657046414911747,4.391587115824223,0.5466022706590593,0.9681786770932377,0.21532330829650165,0.1950044333934784,0.1061813235282898,COMPLETED,Sobol,0.6988142430782318,8.744122,0.4645816160362866,0.008451685123951806
1,0.503,1,1_0,4.876826912164688,4.954233963042498,0.15013661533594133,0.2449614966288209,0.6319479746744037,0.4213501587510109,0.03504499699920416,COMPLETED,Sobol,0.543604844249785,8.486485,0.49740345159335736,0.010192823725906809
2,0.438,2,2_0,4.999999999997289,1.000000000001014,0.1,0.10000000000037941,0.9999999999998757,0.0,1.0,COMPLETED,FullyBayesian,0.0,209.236941,0.43998669245373173,0.00881566935146741
3,0.442,3,3_0,1.0000000000000004,4.999999999999999,0.1,0.10000000000000035,1.0,0.9999999999999994,2.359223927333123e-16,COMPLETED,FullyBayesian,3.3306690738754696e-16,169.223915,0.444516500999061,0.008880947783318093
4,0.465,4,4_0,4.999999999999984,1.0000000000000027,0.10000000000000271,0.4568601576261949,0.10000000000000309,0.9999999999999934,6.078471059822748e-15,COMPLETED,FullyBayesian,4.440892098500626e-16,1.706868,0.46482931755454787,0.008381862292727282
