,vol_frac,trial_index,arm_name,mu1_div_mu3,mu2_div_mu3,std1,std2,std3,comp1,comp2,comp3,trial_status,generation_method,runtime,vol_frac_pred,vol_frac_sigma
0,0.476,0,0_0,3.90883207321167,1.4598201215267181,0.7530504643917084,0.391926908493042,0.3216787278652191,0.014276409521698952,0.44999873638153076,0.21019288897514343,COMPLETED,Sobol,9.866024,0.44796548960043614,0.06580829757869207
1,0.438,1,1_0,1.6295143440365791,3.5032354220747948,0.301076486799866,0.5678964596241712,0.551310121640563,0.6936314748600125,0.723667767830193,0.6734324553981423,COMPLETED,Sobol,8.164413,0.4095959434501863,0.0709152952384579
2,0.328,2,2_0,5.0,1.0,1.0,0.1,0.1,1.0,0.0,0.0,COMPLETED,FullyBayesian,173.738112,0.34024881579284316,0.06209679707591977
3,0.341,3,3_0,5.0,1.0,1.0,1.0,1.0,0.0,1.0,0.0,COMPLETED,FullyBayesian,162.556858,0.34854457997208976,0.05975834349361247
4,0.0,4,4_0,1.0,1.0,0.1,1.0,0.1,0.0,0.0,1.0,COMPLETED,FullyBayesian,0.380518,0.039407010972423884,0.08426104609301104
