,vol_frac,trial_index,arm_name,mu1_div_mu3,mu2_div_mu3,std1,std2,std3,comp1,comp2,trial_status,generation_method,comp3,runtime,vol_frac_pred,vol_frac_sigma
0,0.407,0,0_0,1.3617608576889948,0.36100259914586863,0.6702834114336479,0.7739234942847507,0.5486563110723314,0.22479664553084766,0.19806286475962398,COMPLETED,Uniform,0.5771404897095284,9.020776,0.407,
1,0.204,1,0_0,1.3617608576889948,0.36100259914586863,0.6702834114336479,0.7739234942847507,0.5486563110723314,0.22479664553084766,0.19806286475962398,COMPLETED,Uniform,0.5771404897095284,9.024761,0.204,
2,0.539,2,0_0,1.3617608576889948,0.36100259914586863,0.6702834114336479,0.7739234942847507,0.5486563110723314,0.22479664553084766,0.19806286475962398,COMPLETED,Uniform,0.5771404897095284,2.663176,0.539,
