{"{'remove_composition_degeneracy': True, 'remove_scaling_degeneracy': True, 'use_order_constraint': True}": {"10": [0.497, 0.487, 0.487, 0.521, 0.464], "11": [0.377, 0.5690000000000001, 0.312, 0.506, 0.47200000000000003]}, "{'remove_composition_degeneracy': True, 'remove_scaling_degeneracy': True, 'use_order_constraint': False}": {"10": [0.513, 0.397, 0.47800000000000004, 0.31, 0.40900000000000003], "11": [0.498, 0.585, 0.467, 0.529, 0.46]}, "{'remove_composition_degeneracy': False, 'remove_scaling_degeneracy': True, 'use_order_constraint': True}": {"10": [0.538, 0.444, 0.389, 0.461, 0.47100000000000003], "11": [0.444, 0.429, 0.47700000000000004, 0.447, 0.422]}, "{'remove_composition_degeneracy': False, 'remove_scaling_degeneracy': True, 'use_order_constraint': False}": {"10": [0.54, 0.546, 0.47300000000000003, 0.45, 0.433], "11": [0.481, 0.536, 0.46, 0.495, 0.417]}, "{'remove_composition_degeneracy': True, 'remove_scaling_degeneracy': False, 'use_order_constraint': True}": {"10": [0.5670000000000001, 0.51, 0.535, 0.489, 0.51], "11": [0.47800000000000004, 0.497, 0.555, 0.507, 0.46900000000000003]}, "{'remove_composition_degeneracy': True, 'remove_scaling_degeneracy': False, 'use_order_constraint': False}": {"10": [0.518, 0.374, 0.528, 0.622, 0.47900000000000004], "11": [0.448, 0.496, 0.514, 0.455, 0.56]}, "{'remove_composition_degeneracy': False, 'remove_scaling_degeneracy': False, 'use_order_constraint': True}": {"10": [0.499, 0.513, 0.397, 0.503, 0.527], "11": [0.40800000000000003, 0.543, 0.492, 0.53, 0.486]}, "{'remove_composition_degeneracy': False, 'remove_scaling_degeneracy': False, 'use_order_constraint': False}": {"10": [0.449, 0.432, 0.501, 0.47700000000000004, 0.502], "11": [0.46, 0.486, 0.495, 0.535, 0.43]}}