{"{'remove_composition_degeneracy': True, 'remove_scaling_degeneracy': True, 'use_order_constraint': True}": {"10": [0.5014194201389626, 0.5014194201389626, 0.5014194201389626, 0.5014194201389626, 0.5014194201389626], "11": [0.42760641356658824, 0.42760641356658824, 0.42760641356658824, 0.42760641356658824, 0.42760641356658824]}, "{'remove_composition_degeneracy': True, 'remove_scaling_degeneracy': True, 'use_order_constraint': False}": {"10": [0.40745983375835204, 0.40745983375835204, 0.40745983375835204, 0.40745983375835204, 0.40745983375835204], "11": [0.49820258579107096, 0.49820258579107096, 0.49820258579107096, 0.49820258579107096, 0.49820258579107096]}, "{'remove_composition_degeneracy': False, 'remove_scaling_degeneracy': True, 'use_order_constraint': True}": {"10": [0.4613203426535743, 0.4613203426535743, 0.4613203426535743, 0.4613203426535743, 0.4613203426535743], "11": [0.44550602812900025, 0.44550602812900025, 0.44550602812900025, 0.44550602812900025, 0.44550602812900025]}, "{'remove_composition_degeneracy': False, 'remove_scaling_degeneracy': True, 'use_order_constraint': False}": {"10": [0.4933207767692955, 0.4933207767692955, 0.4933207767692955, 0.4933207767692955, 0.4933207767692955], "11": [0.4977385081572252, 0.4977385081572252, 0.4977385081572252, 0.4977385081572252, 0.4977385081572252]}, "{'remove_composition_degeneracy': True, 'remove_scaling_degeneracy': False, 'use_order_constraint': True}": {"10": [0.5096779259161931, 0.5096779259161931, 0.5096779259161931, 0.5096779259161931, 0.5096779259161931], "11": [0.491905768733843, 0.491905768733843, 0.491905768733843, 0.491905768733843, 0.491905768733843]}, "{'remove_composition_degeneracy': True, 'remove_scaling_degeneracy': False, 'use_order_constraint': False}": {"10": [0.49742891061706923, 0.49742891061706923, 0.49742891061706923, 0.49742891061706923, 0.49742891061706923], "11": [0.4858951286146171, 0.4858951286146171, 0.4858951286146171, 0.4858951286146171, 0.4858951286146171]}, "{'remove_composition_degeneracy': False, 'remove_scaling_degeneracy': False, 'use_order_constraint': True}": {"10": [0.5041376696428947, 0.5041376696428947, 0.5041376696428947, 0.5041376696428947, 0.5041376696428947], "11": [0.4794684230604739, 0.4794684230604739, 0.4794684230604739, 0.4794684230604739, 0.4794684230604739]}, "{'remove_composition_degeneracy': False, 'remove_scaling_degeneracy': False, 'use_order_constraint': False}": {"10": [0.46929145613819373, 0.46929145613819373, 0.46929145613819373, 0.46929145613819373, 0.46929145613819373], "11": [0.5007388392835481, 0.5007388392835481, 0.5007388392835481, 0.5007388392835481, 0.5007388392835481]}}