,vol_frac,trial_index,arm_name,mu1_div_mu3,mu2_div_mu3,std1,std2,std3,comp1,comp2,trial_status,generation_method,comp3,runtime,vol_frac_pred,vol_frac_sigma
0,0.533,0,0_0,1.6628152367969355,0.832538635780414,0.1794322269037366,0.7553161699324846,0.43110721129924057,0.1499057663604617,0.2144140601158142,COMPLETED,Sobol,0.6356801735237241,9.348452,0.5199741140834505,0.02195433886312247
1,0.358,1,1_0,0.35487574835618335,0.6589063592255116,0.4806092101149261,0.7815139440819621,0.8561553542502225,0.516113662160933,0.30937592312693596,COMPLETED,Sobol,0.17451041471213102,7.502487,0.36700493390689104,0.025271743920009762
2,0.443,2,2_0,1.6666666666666667,1.6666666666666667,0.1,0.1,0.1,0.0,1.0,COMPLETED,FullyBayesian,0.0,96.01903,0.4476684757035281,0.022837512785970397
3,0.37,3,3_0,1.6666666666666667,1.6666666666666667,1.0,1.0,0.1,0.9999999999565062,3.270959189362208e-11,COMPLETED,FullyBayesian,1.0784151349696458e-11,71.198738,0.3727655772709978,0.023211831157028812
4,0.554,4,4_0,1.6666666666666667,0.33333333333370496,0.10000000000024802,0.9999999999998849,0.10000000000026707,5.21104960446359e-13,4.404565459375652e-13,COMPLETED,FullyBayesian,0.9999999999990384,1.788579,0.5508017687947981,0.02103218439955112
