,vol_frac,trial_index,arm_name,mu1,mu2,mu3,std1,std2,std3,comp1,comp2,trial_status,generation_method,comp3,runtime,vol_frac_pred,vol_frac_sigma
0,0.524,0,0_0,3.7724748365581036,3.60410350933671,1.438182633370161,0.3403067482635379,0.5369317093864083,0.7073257945477962,0.8691129963845015,0.07107173651456833,COMPLETED,Sobol,0.059815267100930214,10.423071,0.5265743698519673,0.05423831582635305
1,0.544,1,1_0,1.8702687621116638,1.664937388151884,1.9821835346519947,0.3581852127797902,0.5656230075284839,0.7829478454776109,0.5891895350068808,0.17233743704855442,COMPLETED,Sobol,0.23847302794456482,8.845866,0.5230298844952859,0.05673203098560899
2,0.343,2,2_0,1.0,1.0,5.0,1.0,1.0,1.0,0.0,1.0,COMPLETED,FullyBayesian,0.0,172.898015,0.3443225892984807,0.05761044745877934
3,0.0,3,3_0,1.00000000000006,1.0000000000000724,4.999999999998818,0.1,0.1,0.1000000000000786,0.0,4.498441919028769e-13,COMPLETED,FullyBayesian,0.9999999999995501,178.952947,0.019303280279461488,0.059950063593926524
4,0.472,4,4_0,1.0000000000000027,1.0000000000000058,1.0000000000000104,0.10000000000000157,0.10000000000000231,0.9999999999999988,0.9999999999999978,1.296328982511569e-15,COMPLETED,FullyBayesian,8.881784197001252e-16,1.999173,0.47311629581048187,0.05739639982312969
