,index,rm_comp,order,rm_scl,$	ilde{x}_1$,$	ilde{x}_2$,$	ilde{x}_3$,$s_1$,$s_2$,$s_3$,$p_1$,$p_2$,$p_3$,seed,raw_mean,best_sem,best_pred
0,0,True,True,False,5.000,1.289,5.000,0.3575,0.8936,0.9514,0.3187,0.6754,0.005930,10,0.730,1.18e-05,0.7228
10,10,True,False,False,1.000,4.845,2.938,0.4411,1.000,0.7259,0.06173,0.4291,0.5091,10,0.7530,4.06e-05,0.7482
20,20,False,True,False,5.000,1.000,2.237,0.1898,0.7148,0.7148,0.4262,0.1776,0.3232,10,0.742,1.90e-05,0.7621
30,30,False,False,False,4.741,1.000,1.000,0.7846,0.6457,0.2172,0.6351,0.3222,1.000,10,0.745,4.84e-05,0.7503
