,index,rm_scl,rm_comp,order,mu1,mu2,mu3,std1,std2,std3,comp1,comp2,comp3,raw_mean,best_sem,best_pred,seed
1,1,True,True,True,16.67,3.333,10.00,0.5256,0.8487,0.9608,0.6300,0.2237,0.1463,0.7860,0.00009392,0.7727,11
11,11,True,True,False,16.67,3.333,10.00,1.000,0.8446,0.5642,0.7611,0.2389,1.17e-13,0.749,0.0001115,0.7596,11
21,21,True,False,True,16.67,3.333,10.00,0.3761,0.8452,0.2324,0.6189,0.2339,0.4612,0.749,1.67e-05,0.7656,11
31,31,True,False,False,3.333,16.67,10.00,0.9221,0.1000,0.1931,0.5680,1.000,0.4809,0.747,1.51e-05,0.7651,11
41,41,False,True,True,4.709,1.000,3.392,0.5642,0.6765,0.9498,0.6437,0.239,0.1173,0.738,2.76e-05,0.7463,11
51,51,False,True,False,5.000,1.000,1.858,0.4376,0.6926,0.4318,0.5186,0.1938,0.2876,0.7540,4.92e-05,0.752,11
61,61,False,False,True,4.984,1.000,3.248,0.1000,0.9193,0.9249,0.7426,0.3638,0.8191,0.7590,1.16e-05,0.7588,11
71,71,False,False,False,1.000,5.000,5.000,0.7086,0.1000,0.5600,0.496,0.6211,0.693,0.741,1.25e-05,0.7417,11
