,index,rm_scl,rm_comp,order,mu1,mu2,mu3,std1,std2,std3,comp1,comp2,comp3,raw_mean,best_sem,best_pred,seed
2,2,True,True,True,16.67,3.333,10.00,0.1000,0.890,0.8546,0.3640,0.2417,0.3943,0.7520,2.15e-05,0.7663,12
12,12,True,True,False,16.66,3.333,10.00,0.8658,0.683,0.8931,0.7782,0.2132,0.00853,0.742,4.88e-05,0.7421,12
22,22,True,False,True,16.67,3.333,10.00,0.7896,0.9013,0.5928,0.5739,0.1543,0.3199,0.7730,3.34e-05,0.7521,12
32,32,True,False,False,3.333,12.00,10.00,0.8565,0.3593,0.2835,0.3292,0.5198,0.5610,0.741,1.42e-05,0.7480,12
42,42,False,True,True,5.000,1.000,3.590,0.1000,0.6552,0.8918,0.6493,0.3507,0.00e+00,0.7580,2.58e-05,0.7554,12
52,52,False,True,False,1.000,5.000,1.668,0.9126,0.1376,0.327,0.372,0.6280,2.44e-15,0.7730,1.34e-05,0.7634,12
62,62,False,False,True,5.000,1.000,4.504,0.3097,0.8498,0.8498,0.5827,0.2591,0.3476,0.7680,0.00008676,0.757,12
72,72,False,False,False,4.705,1.000,5.000,1.000,0.8907,1.000,0.3366,0.09058,0.1389,0.730,4.21e-05,0.7413,12
