,index,rm_scl,rm_comp,order,mu1,mu2,mu3,std1,std2,std3,comp1,comp2,comp3,best_sem,best_pred,raw_mean,seed
2,2,True,True,True,16.67,3.333,10.00,0.1000,0.890,0.8546,0.3640,0.2417,0.3943,2.15e-05,0.7663,0.7520,12
12,12,True,True,False,16.66,3.333,10.00,0.8658,0.683,0.8931,0.7782,0.2132,0.00853,4.88e-05,0.7421,0.742,12
22,22,True,False,True,16.67,3.333,10.00,0.7896,0.9013,0.5928,0.5739,0.1543,0.3199,3.34e-05,0.7521,0.7730,12
32,32,True,False,False,3.333,12.00,10.00,0.8565,0.3593,0.2835,0.3292,0.5198,0.5610,1.42e-05,0.7480,0.741,12
42,42,False,True,True,5.000,1.000,3.590,0.1000,0.6552,0.8918,0.6493,0.3507,0.00e+00,2.58e-05,0.7554,0.7580,12
52,52,False,True,False,1.000,5.000,1.668,0.9126,0.1376,0.327,0.372,0.6280,2.44e-15,1.34e-05,0.7634,0.7730,12
62,62,False,False,True,5.000,1.000,4.557,0.3542,0.8711,0.8711,0.5491,0.2522,0.277,0.00006004,0.7582,0.7680,12
72,72,False,False,False,4.705,1.000,5.000,1.000,0.8907,1.000,0.3366,0.09058,0.1389,4.21e-05,0.7413,0.730,12
