,index,rm_comp,order,rm_scl,$	ilde{x}_1$,$	ilde{x}_2$,$	ilde{x}_3$,$s_1$,$s_2$,$s_3$,$p_1$,$p_2$,$p_3$,seed,raw_mean,best_sem,best_pred
2,2,True,True,False,5.000,1.000,3.590,0.1000,0.6552,0.8918,0.6493,0.3507,0.00e+00,12,0.7580,2.58e-05,0.7554
12,12,True,False,False,1.000,5.000,1.668,0.9126,0.1376,0.327,0.372,0.6280,2.44e-15,12,0.7730,1.34e-05,0.7634
22,22,False,True,False,5.000,1.000,4.557,0.3542,0.8711,0.8711,0.5491,0.2522,0.277,12,0.7680,0.00006004,0.7582
32,32,False,False,False,4.705,1.000,5.000,1.000,0.8907,1.000,0.3366,0.09058,0.1389,12,0.730,4.21e-05,0.7413
