,index,rm_comp,order,rm_scl,$	ilde{x}_1$,$	ilde{x}_2$,$	ilde{x}_3$,$s_1$,$s_2$,$s_3$,$p_1$,$p_2$,$p_3$,seed,raw_mean,best_pred,best_sem
4,4,True,True,False,4.653,1.000,3.702,0.2694,0.8797,0.8797,0.3802,0.3101,0.3097,14,0.7570,0.7531,0.00005476
14,14,True,False,False,1.000,4.500,4.707,0.706,1.000,0.5457,0.1907,0.3263,0.4829,14,0.708,0.7226,0.000171
24,24,False,True,False,3.440,1.201,3.119,0.3447,0.7004,1.000,0.7517,0.7182,0.7626,14,0.710,0.7219,2.10e-05
34,34,False,False,False,1.000,2.596,3.619,0.877,0.503,0.7786,0.6632,0.4502,0.6756,14,0.715,0.7144,2.75e-05
