,index,rm_scl,rm_comp,order,mu1,mu2,mu3,std1,std2,std3,comp1,comp2,comp3,best_sem,best_pred,raw_mean,seed
0,0,True,True,True,3.333,16.67,10.00,0.608,0.8975,0.6142,0.1986,0.8014,0.00e+00,1.75e-05,0.7461,0.727,10
10,10,True,True,False,3.333,16.67,10.00,0.8565,0.2223,1.000,0.2852,0.7064,0.008407,1.86e-05,0.7632,0.7560,10
20,20,True,False,True,11.84,3.333,10.00,0.8733,0.8733,0.2308,0.6063,0.4583,0.2162,0.00005643,0.7334,0.711,10
30,30,True,False,False,11.93,3.333,10.00,0.2581,0.8863,0.3266,0.9188,0.5636,0.2350,3.69e-05,0.7492,0.741,10
40,40,False,True,True,5.000,1.289,5.000,0.3575,0.8936,0.9514,0.3187,0.6754,0.005930,1.18e-05,0.7228,0.730,10
50,50,False,True,False,1.000,4.845,2.938,0.4411,1.000,0.7259,0.06173,0.4291,0.5091,4.06e-05,0.7482,0.7530,10
60,60,False,False,True,5.000,1.000,2.237,0.1898,0.7148,0.7148,0.4262,0.1776,0.3232,1.90e-05,0.7621,0.742,10
70,70,False,False,False,4.741,1.000,1.000,0.7846,0.6457,0.2172,0.6351,0.3222,1.000,4.84e-05,0.7503,0.745,10
