,index,rm_comp,order,rm_scl,$	ilde{x}_1$,$	ilde{x}_2$,$	ilde{x}_3$,$s_1$,$s_2$,$s_3$,$p_1$,$p_2$,$p_3$,seed,raw_mean,best_pred,best_sem
7,7,True,True,False,1.000,4.950,2.438,0.6187,0.7478,0.8989,0.2510,0.749,0.00e+00,17,0.706,0.7439,4.42e-05
17,17,True,False,False,1.000,5.000,2.801,0.9224,0.4281,0.7442,0.343,0.4089,0.2482,17,0.741,0.7743,0.00008548
27,27,False,True,False,4.887,1.000,3.686,0.1000,0.7875,1.000,0.9497,0.6017,0.02885,17,0.748,0.7578,3.12e-05
37,37,False,False,False,4.920,1.000,1.222,0.1000,0.880,0.9248,1.000,0.9142,0.7456,17,0.750,0.7628,3.08e-05
