,vol_frac,trial_index,arm_name,mu1,mu2,mu3,std1,std2,std3,comp1,comp2,trial_status,generation_method,comp3,runtime,vol_frac_pred,vol_frac_sigma
0,0.444,0,0_0,3.90883207321167,1.4598201215267181,3.9024465084075928,0.391926908493042,0.3216787278652191,0.11284876856952906,0.44999873638153076,0.21019288897514343,COMPLETED,Sobol,0.3398083746433258,8.780029,0.4446733350922169,0.004792195331177558
1,0.457,1,1_0,2.2018191404640675,2.497646525502205,4.194808296859264,0.22810770804062486,0.9348754538223147,0.80015699993819,0.0022310325875878334,0.8317435374483466,COMPLETED,Sobol,0.16602542996406555,9.416516,0.4571298685575897,0.004507804552096285
2,0.443,2,2_0,1.0000000046109745,4.999999995874681,1.0,0.9999999977509983,1.0,0.9999999946266965,0.0,1.0,COMPLETED,FullyBayesian,0.0,156.75454,0.44373962782324317,0.004718540537587079
3,0.457,3,3_0,5.0,5.0,5.0,1.0,1.0,1.0,1.0,1.3877274573995524e-17,COMPLETED,FullyBayesian,0.0,164.406678,0.4568339354038272,0.004638703536777791
4,0.488,4,4_0,5.0,5.0,5.0,0.1,0.1,1.0,0.0,1.0,COMPLETED,FullyBayesian,0.0,1.259147,0.486372828254999,0.005135949608798048
