,vol_frac,trial_index,arm_name,mu1,mu2,mu3,std1,std2,std3,comp1,comp2,trial_status,generation_method,comp3,runtime,vol_frac_pred,vol_frac_sigma
0,0.56,0,0_0,3.90883207321167,1.4598201215267181,3.9024465084075928,0.391926908493042,0.3216787278652191,0.11284876856952906,0.44999873638153076,0.21019288897514343,COMPLETED,Sobol,0.3398083746433258,9.574794,0.5475066323313134,0.030521758305846587
1,0.359,1,1_0,2.2018191404640675,2.497646525502205,4.194808296859264,0.22810770804062486,0.9348754538223147,0.80015699993819,0.0022310325875878334,0.8317435374483466,COMPLETED,Sobol,0.16602542996406555,8.133131,0.3638449969467369,0.02428374942312908
2,0.446,2,2_0,5.0,5.0,1.0,1.0,0.1,0.10000000000000012,0.9999999999999999,0.0,COMPLETED,FullyBayesian,1.1102230246251565e-16,74.73968,0.44805913482928506,0.023403632835483627
3,0.43,3,3_0,5.0,1.0,5.0,0.1000000000000005,0.1,1.0,1.0,0.0,COMPLETED,FullyBayesian,0.0,75.310549,0.43210773427028587,0.023859067087092563
4,0.413,4,4_0,1.0000000017028379,1.0,5.0,1.0,0.1,0.10000000007243229,4.703843996617166e-10,3.5769722408708445e-12,COMPLETED,FullyBayesian,0.9999999995260386,1.923199,0.4172438120186856,0.023574399726071605
