,vol_frac,trial_index,arm_name,mu1_div_mu3,mu2_div_mu3,std1,std2,std3,comp1,comp2,comp3,trial_status,generation_method,runtime,vol_frac_pred,vol_frac_sigma
0,0.462,0,0_0,0.7318202257156372,0.8939105272293091,0.3825034499168396,0.5992819964885712,0.5987916886806488,0.9063582420349121,0.731437623500824,0.8109044432640076,COMPLETED,Sobol,9.063201,0.4511909909438185,0.06663552717621059
1,0.535,1,1_0,1.370301006982724,1.328402607391278,0.6593580251559615,0.12111950926482679,0.382932435721159,0.015357347205281258,0.3325240248814225,0.22674963995814323,COMPLETED,Sobol,8.96416,0.5025712145895183,0.06632213164254044
2,0.0,2,2_0,0.3333333333333333,0.3333333333333333,1.0,1.0,0.1,0.0,0.0,0.0,COMPLETED,FullyBayesian,73.640069,0.03859375750789512,0.0769896511524694
3,0.443,3,3_0,1.6666666666666667,1.6666666666666667,0.1,0.1,0.1,0.0,1.0,0.0,COMPLETED,FullyBayesian,68.649055,0.4542787987137239,0.06614016451682576
4,0.536,4,4_0,1.6666666666666667,1.6666666666666667,0.5369641022191781,0.1,1.0,1.0,0.0,1.0,COMPLETED,FullyBayesian,1.340843,0.5323607205478833,0.06975362750768482
