,vol_frac,trial_index,arm_name,mu1,mu2,mu3,std1,std2,std3,comp1,comp2,trial_status,generation_method,comp3,runtime,vol_frac_pred,vol_frac_sigma
0,0.479,0,0_0,4.142816796898842,3.370452105998993,1.2574275620281696,0.21115972362458707,0.2900850876234472,0.5670807512477042,0.06044045276939869,0.7316782791167498,COMPLETED,Sobol,0.20788126811385155,8.503048,0.4790504897393504,0.021232790441617622
1,0.569,1,1_0,4.968812271952629,4.130939066410065,4.100497912615538,0.3371172337792814,0.6415075285360217,0.8950509397312999,0.3468270879238844,0.4613837404176593,COMPLETED,Sobol,0.19178917165845633,9.503434,0.558406981767256,0.03239633095838261
2,0.368,2,2_0,4.999999999999991,4.999999999999932,4.999999999999968,0.9999999999999646,0.9999999999999465,0.9999999999999147,1.0,2.3488895700111595e-14,COMPLETED,FullyBayesian,-2.353672812205332e-14,167.017473,0.38025166233176316,0.03035362204124655
3,0.502,3,3_0,1.0000000000000013,4.9999999999999964,5.0,1.0,1.0,0.9999999999999991,1.0,0.0,COMPLETED,FullyBayesian,0.0,176.087182,0.4947179633384181,0.02293257289206603
4,0.399,4,4_0,5.0,1.0000000000000002,5.0,0.10000000000000017,0.5210037859338972,0.9999999999999999,2.4620102112761623e-17,0.9999999999999999,COMPLETED,FullyBayesian,1.1102230246251565e-16,1.588826,0.404682452669417,0.02604829027257328
