,vol_frac,trial_index,arm_name,mu1,mu2,mu3,std1,std2,std3,comp1,comp2,trial_status,generation_method,comp3,runtime,vol_frac_pred,vol_frac_sigma
0,0.462,0,0_0,4.142816796898842,3.370452105998993,1.2574275620281696,0.21115972362458707,0.2900850876234472,0.5670807512477042,0.06044045276939869,0.7316782791167498,COMPLETED,Sobol,0.20788126811385155,8.668415,0.4627500862987221,0.009024759474991288
1,0.489,1,1_0,4.968812271952629,4.130939066410065,4.100497912615538,0.3371172337792814,0.6415075285360217,0.8950509397312999,0.3468270879238844,0.4613837404176593,COMPLETED,Sobol,0.19178917165845633,9.56571,0.48467143018961656,0.00963574883167226
2,0.429,2,2_0,5.0,5.0,5.0,1.0,1.0,1.0,1.0,2.849744529472388e-14,COMPLETED,FullyBayesian,-2.842170943040401e-14,94.766822,0.42958466186030353,0.00839237349404142
3,0.416,3,3_0,1.0,4.999999999999998,5.0,1.0,0.9999999999999991,0.9999999999999993,0.9999999999999987,1.3407040987560866e-15,COMPLETED,FullyBayesian,0.0,76.401198,0.4176749459902143,0.00861107371176413
4,0.422,4,4_0,1.0,1.0,5.0,0.1,1.0,1.0,0.0,1.0,COMPLETED,FullyBayesian,0.0,1.689582,0.42332721288582514,0.009052936916562865
