,vol_frac,trial_index,arm_name,mu1,mu2,mu3,std1,std2,std3,comp1,comp2,comp3,trial_status,generation_method,runtime,vol_frac_pred,vol_frac_sigma
0,0.477,0,0_0,3.90883207321167,1.4598201215267181,3.9024465084075928,0.391926908493042,0.3216787278652191,0.11284876856952906,0.44999873638153076,0.21019288897514343,0.9040491580963135,COMPLETED,Sobol,8.156635,0.45717046403431705,0.058754195745202034
1,0.437,1,1_0,1.4832294322550297,4.622854020446539,1.8770184107124805,0.997223609406501,0.7808865854516626,0.9148976150900126,0.9055434931069613,0.5258402321487665,0.43215073738247156,COMPLETED,Sobol,9.050608,0.43012008054154294,0.05933127373232207
2,0.437,2,2_0,5.0,1.0,5.0,0.1,1.0,0.6306716337083969,0.0,1.0,1.0,COMPLETED,FullyBayesian,165.460918,0.4354689055012545,0.05874793975570283
3,0.0,3,3_0,5.0,5.0,1.0,0.1,0.1,0.1,0.0,0.0,0.0,COMPLETED,FullyBayesian,155.549082,0.02761917359423588,0.06817835024056255
4,0.485,4,4_0,1.0,1.0,5.0,1.0,0.1,0.1,1.0,0.0,1.0,COMPLETED,FullyBayesian,1.619399,0.48870503484144673,0.05802272241533231
