,vol_frac,trial_index,arm_name,mu1,mu2,mu3,std1,std2,std3,comp1,comp2,comp3,trial_status,generation_method,runtime,vol_frac_pred,vol_frac_sigma
0,0.52,0,0_0,3.90883207321167,1.4598201215267181,3.9024465084075928,0.391926908493042,0.3216787278652191,0.11284876856952906,0.44999873638153076,0.21019288897514343,0.9040491580963135,COMPLETED,Sobol,8.848546,0.49262998646130857,0.06372945870869892
1,0.38,1,1_0,1.4832294322550297,4.622854020446539,1.8770184107124805,0.997223609406501,0.7808865854516626,0.9148976150900126,0.9055434931069613,0.5258402321487665,0.43215073738247156,COMPLETED,Sobol,7.585591,0.3749001166900793,0.06517687480914024
2,0.436,2,2_0,5.0,1.0,5.0,0.1,0.1,0.1,0.0,1.0,0.0,COMPLETED,FullyBayesian,88.421294,0.43461751268497995,0.06409682549944631
3,0.0,3,3_0,5.0,1.0,1.0,0.1,0.1,1.0,0.0,0.0,1.0,COMPLETED,FullyBayesian,69.04655,0.026483734574806073,0.06867510184008696
4,0.449,4,4_0,3.243367751581238,1.0,5.0,0.1,1.0,0.1,1.0,0.0,1.0,COMPLETED,FullyBayesian,1.278,0.453185951102838,0.06276932705956127
