,vol_frac,trial_index,arm_name,mu1_div_mu3,mu2_div_mu3,std1,std2,std3,comp1,comp2,comp3,trial_status,generation_method,runtime,vol_frac_pred,vol_frac_sigma
0,0.505,0,0_0,0.5736929185023589,0.3593003219834994,0.5168966738485101,0.7524405362729331,0.47818324412895474,0.4854270981677824,0.012780814590608647,0.4873716073198716,COMPLETED,Uniform,8.096174,0.505,
1,0.505,1,0_0,0.5736929185023589,0.3593003219834994,0.5168966738485101,0.7524405362729331,0.47818324412895474,0.4854270981677824,0.012780814590608647,0.4873716073198716,COMPLETED,Uniform,8.087162,0.505,
2,0.507,2,0_0,0.5736929185023589,0.3593003219834994,0.5168966738485101,0.7524405362729331,0.47818324412895474,0.4854270981677824,0.012780814590608647,0.4873716073198716,COMPLETED,Uniform,1.981943,0.507,
