,vol_frac,trial_index,arm_name,mu1,mu2,mu3,std1,std2,std3,comp1,comp2,comp3,trial_status,generation_method,runtime,vol_frac_pred,vol_frac_sigma
0,0.51,0,0_0,2.1954606771469116,2.6817315816879272,2.255570888519287,0.5992819964885712,0.5987916886806488,0.9157224178314209,0.731437623500824,0.8109044432640076,0.014485359191894531,COMPLETED,Sobol,9.068877,0.49059045437931886,0.08936280447243841
1,0.519,1,1_0,4.432901151478291,4.046435508877039,4.232155047357082,0.20566687891259788,0.29275749400258066,0.32441999828442936,0.4023602707311511,0.14308477845042944,0.5611233944073319,COMPLETED,Sobol,8.072084,0.4759824456930906,0.1001761179176932
2,0.0,2,2_0,5.0,1.0,5.0,0.1,1.0,0.1,0.0,0.0,1.0,COMPLETED,FullyBayesian,72.669074,0.034181668215727934,0.09443418334675417
3,0.0,3,3_0,5.0,5.0,1.0,1.0,0.1,0.1,0.0,0.0,1.0,COMPLETED,FullyBayesian,68.515685,0.025164261327867254,0.09157688891703814
4,0.436,4,4_0,1.0,5.0,5.0,0.1,0.1,1.0,1.0,1.0,0.0,COMPLETED,FullyBayesian,1.194488,0.4345373012044533,0.08022884158061443
