,index,rm_scl,rm_comp,order,mu1,mu2,mu3,std1,std2,std3,comp1,comp2,comp3,raw_mean,best_sem,seed,best_pred
0,0,True,True,True,3.333,15.30,10.00,0.6491,1.000,0.7065,0.1833,0.8167,4.44e-16,0.712,4.15e-05,10,0.7380
5,5,True,True,False,3.333,16.67,10.00,0.7830,0.2507,0.7948,0.2641,0.5129,0.2230,0.6490,4.29e-05,10,0.7473
10,10,True,False,True,12.71,3.511,10.00,0.2391,0.873,0.1665,0.6271,0.8281,0.5567,0.725,2.71e-06,10,0.7333
15,15,True,False,False,11.64,3.333,10.00,0.7667,0.9539,0.3279,0.7463,0.7254,0.2377,0.708,0.00006343,10,0.7063
20,20,False,True,True,4.959,3.276,4.652,0.6500,0.9104,0.9104,0.3899,0.6101,1.11e-16,0.6720,2.39e-05,10,0.6833
25,25,False,True,False,1.000,4.418,3.933,0.4000,1.000,0.6278,0.1107,0.5370,0.3523,0.711,0.00008225,10,0.7226
30,30,False,False,True,4.681,1.000,4.330,0.4302,0.7581,0.9413,0.4622,0.3096,0.3925,0.743,3.22e-05,10,0.7619
35,35,False,False,False,3.539,1.000,1.757,0.7869,0.6560,0.4015,1.000,0.2646,0.9768,0.704,0.00005572,10,0.7290
