,index,rm_scl,rm_comp,order,mu1,mu2,mu3,std1,std2,std3,comp1,comp2,comp3,seed,best_sem,best_pred,raw_mean
2,2,True,True,True,16.67,7.956,10.00,0.4027,0.8509,1.000,0.1872,0.1906,0.6222,12,4.37e-06,0.7180,0.711
7,7,True,True,False,14.25,3.442,10.00,0.8105,0.8834,0.9148,0.5417,0.1584,0.2999,12,2.97e-05,0.7355,0.720
12,12,True,False,True,13.78,3.333,10.00,0.9545,1.000,0.8708,0.4522,0.1536,0.4235,12,0.00005195,0.7315,0.706
17,17,True,False,False,3.333,13.85,10.00,0.8337,0.3912,0.3137,0.1690,0.5793,0.3798,12,0.00007615,0.7386,0.732
22,22,False,True,True,4.671,1.000,2.051,0.3832,0.6950,0.6950,0.5674,0.2513,0.1813,12,2.33e-05,0.7503,0.745
27,27,False,True,False,1.000,3.597,4.022,0.6790,0.1000,0.2618,0.5544,0.4456,1.97e-10,12,9.70e-06,0.7356,0.736
32,32,False,False,True,1.000,3.515,4.317,0.6411,0.6411,0.8023,0.3011,0.8761,0.1746,12,0.00006084,0.7185,0.721
37,37,False,False,False,4.334,1.000,5.000,1.000,0.8961,0.9486,0.5188,0.2847,0.1643,12,0.0001417,0.7411,0.741
