,vol_frac,trial_index,arm_name,mu1_div_mu3,mu2_div_mu3,std1,std2,std3,comp1,comp2,comp3,trial_status,generation_method,runtime,vol_frac_pred,vol_frac_sigma
0,0.538,0,0_0,2.1954606771469116,2.6817315816879272,0.3825034499168396,0.5992819964885712,0.5987916886806488,0.9063582420349121,0.731437623500824,0.8109044432640076,COMPLETED,Sobol,9.688889,0.5358536197819875,0.02803725158147723
1,0.576,1,1_0,3.380849927663803,1.8629614226520061,0.1313789444975555,0.7904342210851609,0.17338447337970136,0.3523261556401849,0.9969970649108291,0.45137521158903837,COMPLETED,Sobol,8.871418,0.5660607791970269,0.030762726850210642
2,0.36,2,2_0,4.999999999971909,1.0,1.0,1.0,0.10000000294601069,0.0,8.712938921113199e-12,2.27995454407308e-12,COMPLETED,FullyBayesian,164.984868,0.3671399663114545,0.029696863888117934
3,0.443,3,3_0,4.999999996230615,4.999999983721137,0.10000000343039389,0.10000000461291807,0.10000000307536695,5.924726182243197e-09,1.0,0.0,COMPLETED,FullyBayesian,157.53061,0.4441438641515947,0.02793396556051809
4,0.412,4,4_0,1.0,4.999999998350681,0.10000000015388158,0.9999999997099209,0.9999999994345278,0.0,0.999999999289205,1.0,COMPLETED,FullyBayesian,1.948873,0.416707457554553,0.028490089535018956
