,vol_frac,trial_index,arm_name,mu1_div_mu3,mu2_div_mu3,std1,std2,std3,comp1,comp2,comp3,trial_status,generation_method,runtime,vol_frac_pred,vol_frac_sigma
0,0.434,0,0_0,0.7318202257156372,0.8939105272293091,0.3825034499168396,0.5992819964885712,0.5987916886806488,0.9063582420349121,0.731437623500824,0.8109044432640076,COMPLETED,Sobol,9.338867,0.4355884023448749,0.025422234836748426
1,0.517,1,1_0,1.1269499758879344,0.6209871408840021,0.1313789444975555,0.7904342210851609,0.17338447337970136,0.3523261556401849,0.9969970649108291,0.45137521158903837,COMPLETED,Sobol,10.130338,0.5077082074336672,0.029191156112889225
2,0.261,2,2_0,1.6666666666666665,0.3333333333333333,0.1000000000000002,0.9999999999999998,0.10000000000000013,2.3395462923065565e-16,2.289834988441103e-16,1.6653345369599627e-16,COMPLETED,FullyBayesian,72.353294,0.26654520071447113,0.027603099737336684
3,0.464,3,3_0,0.3333333333333334,1.6666666666666667,0.1,0.10000000000000006,0.10000000000000009,0.0,0.9999999999999999,2.264115184397769e-16,COMPLETED,FullyBayesian,94.865504,0.4644280302366822,0.025869841426196163
4,0.351,4,4_0,1.6666666666666665,1.6666666666666667,0.9999999999999999,0.9999999999999999,0.2625169330959011,1.358662526599462e-16,0.9999999999999999,1.0,COMPLETED,FullyBayesian,1.644637,0.3542967852951396,0.026263204345446912
