,vol_frac,trial_index,arm_name,mu1_div_mu3,mu2_div_mu3,std1,std2,std3,comp1,comp2,trial_status,generation_method,comp3,runtime,vol_frac_pred,vol_frac_sigma
0,0.454,0,0_0,1.3818333161373935,1.0102349718411765,0.7468131801113487,0.36024071779102085,0.4486763089895248,0.1169995479285717,0.29762102663517,COMPLETED,Sobol,0.5853794254362583,9.272286,0.44423600650842626,0.02732420780150046
1,0.261,1,1_0,0.34963018695513404,1.5819255709648132,0.8721279642544687,0.15347049469128252,0.9426856424659491,0.5191824799403548,0.18046203907579184,COMPLETED,Sobol,0.30035548098385334,8.78748,0.27008640289130464,0.02778666799339645
2,0.531,2,2_0,1.6666666666666667,0.33333333333334686,0.1,1.0,0.10000000000000478,0.0,1.0,COMPLETED,FullyBayesian,0.0,94.982451,0.5285339609865654,0.026601263069101155
3,0.367,3,3_0,0.3333333333345965,0.3333333333338826,0.9999999999992518,0.9999999999991088,0.10000000003724192,1.0805006311018305e-12,3.72936402145641e-11,COMPLETED,FullyBayesian,0.9999999999616258,87.07638,0.36964661672539534,0.026759583899018242
4,0.435,4,4_0,1.666666666666664,0.33333333333333487,0.10000000000000075,0.10000000000000026,0.10000000000000082,0.9999999999999993,2.0469737593966156e-16,COMPLETED,FullyBayesian,4.440892098500626e-16,1.281714,0.4362669383149388,0.026889386032302166
