,vol_frac,trial_index,arm_name,mu1_div_mu3,mu2_div_mu3,std1,std2,std3,comp1,comp2,comp3,trial_status,generation_method,runtime,vol_frac_pred,vol_frac_sigma
0,0.251,0,0_0,1.3617608576889948,0.36100259914586863,0.6702834114336479,0.7739234942847507,0.5486563110723314,0.22479664553084766,0.19806286475962398,0.7605307121989587,COMPLETED,Uniform,9.398615,0.251,
1,0.251,1,0_0,1.3617608576889948,0.36100259914586863,0.6702834114336479,0.7739234942847507,0.5486563110723314,0.22479664553084766,0.19806286475962398,0.7605307121989587,COMPLETED,Uniform,8.083051,0.251,
2,0.677,2,0_0,1.3617608576889948,0.36100259914586863,0.6702834114336479,0.7739234942847507,0.5486563110723314,0.22479664553084766,0.19806286475962398,0.7605307121989587,COMPLETED,Uniform,3.133087,0.677,
