,vol_frac,trial_index,arm_name,mu1_div_mu3,mu2_div_mu3,std1,std2,std3,comp1,comp2,comp3,trial_status,generation_method,runtime,vol_frac_pred,vol_frac_sigma
0,0.417,0,0_0,1.6295143440365791,3.5032354220747948,0.301076486799866,0.5678964596241712,0.551310121640563,0.6936314748600125,0.723667767830193,0.6734324553981423,COMPLETED,Sobol,8.558714,0.4128877282536198,0.05086808184931477
1,0.453,1,1_0,4.4771198481321335,4.539170246571302,0.36905360165983436,0.9523031831718981,0.38883781088516123,0.45730084273964167,0.792532030493021,0.3018192434683442,COMPLETED,Sobol,7.827224,0.4476147869653285,0.04890647018860282
2,0.491,2,2_0,5.0,5.0,1.0,0.9999999999996965,0.10000000000015896,8.45297532856105e-14,2.353735058067814e-13,1.5546061468659023e-13,COMPLETED,FullyBayesian,176.543481,0.4738790853752086,0.05043893122299489
3,0.425,3,3_0,4.999999999999879,1.000000000000084,1.0,1.0,0.1,4.3494539113830094e-15,3.1317141334977455e-14,1.5453917789078913e-14,COMPLETED,FullyBayesian,178.680986,0.43178536119974253,0.049986179438944615
4,0.0,4,4_0,5.0,5.0,1.0,1.0,1.0,0.0,0.0,0.0,COMPLETED,FullyBayesian,0.560092,0.021773486308720835,0.05705390313566886
