,vol_frac,trial_index,arm_name,mu1,mu2,mu3,std1,std2,std3,comp1,comp2,comp3,trial_status,generation_method,runtime,vol_frac_pred,vol_frac_sigma
0,0.483,0,0_0,2.67668429762125,3.2037246376276016,3.0825181417167187,0.19330993862822654,0.68070720275864,0.8341830760240555,0.689736919477582,0.41617687977850437,0.7394631011411548,COMPLETED,Sobol,10.051195,0.47676333822080474,0.022122603242403685
1,0.449,1,1_0,2.905165635049343,1.1198937967419624,1.4768042787909508,0.4520429573953152,0.5071052392013371,0.9696140947751701,0.35571430902928114,0.05151230562478304,0.8628525845706463,COMPLETED,Sobol,8.660108,0.4515723094760726,0.021857633346948645
2,0.284,2,2_0,1.0289330830421886,5.0,5.0,0.10000000000001659,1.0,1.0,1.0,1.0,0.0,COMPLETED,FullyBayesian,89.144877,0.2900788336828284,0.024333987832878566
3,0.467,3,3_0,5.0,5.0,4.999999999998725,0.10000000000000009,0.10000000000000854,0.1,0.0,1.0,1.0,COMPLETED,FullyBayesian,81.050738,0.4658517558434396,0.021902200078674276
4,0.454,4,4_0,4.999999999999998,5.0,1.0,0.1,0.1,0.1,0.5471580445192742,0.24876476257867342,1.0,COMPLETED,FullyBayesian,1.486028,0.4550735616743818,0.021628612547092294
