,vol_frac,trial_index,arm_name,mu1,mu2,mu3,std1,std2,std3,comp1,comp2,comp3,trial_status,generation_method,runtime,vol_frac_pred,vol_frac_sigma
0,0.446,0,0_0,4.432901151478291,4.046435508877039,4.232155047357082,0.20566687891259788,0.29275749400258066,0.32441999828442936,0.4023602707311511,0.14308477845042944,0.5611233944073319,COMPLETED,Sobol,9.48975,0.4423695171644713,0.04190859887459336
1,0.423,1,1_0,1.363710880279541,4.380575414747,2.89565471932292,0.29060060568153856,0.45552809322252874,0.9543961703777313,0.2974974298849702,0.11196720506995916,0.7020497396588326,COMPLETED,Sobol,8.790318,0.41950925956220847,0.04224874610763173
2,0.396,2,2_0,5.0,1.0000000000005345,4.999999999999635,0.1,0.1,0.1,0.9999999999999627,1.0,4.8377970295787995e-14,COMPLETED,FullyBayesian,175.730172,0.3967729878962422,0.042438889137285406
3,0.331,3,3_0,4.999999999911445,4.999999999676032,4.999999999719227,1.0,1.0,1.0,0.758966077265344,0.0,6.563839689115941e-11,COMPLETED,FullyBayesian,182.918441,0.3335311998888806,0.04255361827697531
4,0.0,4,4_0,3.3581904275007695,2.956345214459966,1.0,0.1,0.1,0.1,1.2918435123710574e-16,0.0,1.0,COMPLETED,FullyBayesian,0.351706,0.0076460246380390395,0.04293179801013237
