,vol_frac,trial_index,arm_name,mu1,mu2,mu3,std1,std2,std3,comp1,comp2,comp3,trial_status,generation_method,runtime,vol_frac_pred,vol_frac_sigma
0,0.481,0,0_0,4.432901151478291,4.046435508877039,4.232155047357082,0.20566687891259788,0.29275749400258066,0.32441999828442936,0.4023602707311511,0.14308477845042944,0.5611233944073319,COMPLETED,Sobol,8.0734,0.4707277141322346,0.05348607584560632
1,0.477,1,1_0,1.363710880279541,4.380575414747,2.89565471932292,0.29060060568153856,0.45552809322252874,0.9543961703777313,0.2974974298849702,0.11196720506995916,0.7020497396588326,COMPLETED,Sobol,8.002729,0.461328334392756,0.0550823269938748
2,0.402,2,2_0,4.999999999964152,1.0,4.999999999996817,0.1,0.1,0.1,1.0,1.0,0.0,COMPLETED,FullyBayesian,98.221494,0.40463869386617785,0.05457847793990892
3,0.369,3,3_0,5.0,1.0000000000154166,1.00000000000735,0.9999999999984234,0.9999999999989857,0.9999999999994069,1.6602691365145856e-12,1.0,0.9999999999997297,COMPLETED,FullyBayesian,89.063926,0.36988909408688586,0.05519619684469294
4,0.0,4,4_0,1.0000000000002607,4.999999999999998,1.0,0.10000000000000037,0.1,0.10000000000000027,0.0,0.0,1.0,COMPLETED,FullyBayesian,0.355736,0.026830162544090985,0.059712828194089365
