,vol_frac,trial_index,arm_name,mu1,mu2,mu3,std1,std2,std3,comp1,comp2,trial_status,generation_method,comp3,runtime,vol_frac_pred,vol_frac_sigma
0,0.581,0,0_0,1.1571270689015494,2.428727034538145,1.3184523606238567,0.3749139265085365,0.3976473807839188,0.7964472665895362,0.039959208689977266,0.42949217843163834,COMPLETED,Uniform,0.5305486128783844,8.373788,0.581,
1,0.581,1,0_0,1.1571270689015494,2.428727034538145,1.3184523606238567,0.3749139265085365,0.3976473807839188,0.7964472665895362,0.039959208689977266,0.42949217843163834,COMPLETED,Uniform,0.5305486128783844,8.08936,0.581,
2,0.57,2,0_0,1.1571270689015494,2.428727034538145,1.3184523606238567,0.3749139265085365,0.3976473807839188,0.7964472665895362,0.039959208689977266,0.42949217843163834,COMPLETED,Uniform,0.5305486128783844,1.640615,0.57,
