,vol_frac,trial_index,arm_name,mu1_div_mu3,mu2_div_mu3,std1,std2,std3,comp1,comp2,trial_status,generation_method,comp3,runtime,vol_frac_pred,vol_frac_sigma
0,0.467,0,0_0,3.90883207321167,1.4598201215267181,0.7530504643917084,0.391926908493042,0.3216787278652191,0.014276409521698952,0.44999873638153076,COMPLETED,Sobol,0.5357248540967703,9.682271,0.4649605624942998,0.023166309552928994
1,0.484,1,1_0,2.020150765776634,2.9409069381654263,0.7859128925949335,0.24311787020415068,0.7405831662937998,0.6324406489729881,0.042534369975328445,COMPLETED,Sobol,0.3250249810516834,8.953151,0.46767294921352237,0.026842104518796747
2,0.449,2,2_0,1.000000000001664,4.9999999999980975,0.10000000000021994,0.9999999999996805,0.999999999999567,0.9999999999995666,3.886474475550095e-13,COMPLETED,FullyBayesian,4.474198789239381e-14,163.41637,0.4482774365627425,0.023227037073258364
3,0.342,3,3_0,1.0,5.0,1.0,0.10000000000000002,0.1,0.9999999999999997,0.0,COMPLETED,FullyBayesian,3.3306690738754696e-16,165.946534,0.3531055555440426,0.02506461633822663
4,0.357,4,4_0,4.999999999999999,1.0000000000000004,1.0,0.1,1.0,1.0,0.0,COMPLETED,FullyBayesian,0.0,1.490255,0.36736436839368775,0.02487290879994706
