,vol_frac,trial_index,arm_name,mu1,mu2,mu3,std1,std2,std3,comp1,comp2,trial_status,generation_method,comp3,runtime,vol_frac_pred,vol_frac_sigma
0,0.482,0,0_0,4.110903020948172,3.985207822173834,3.486035667359829,0.12111950926482679,0.382932435721159,0.11382161248475314,0.3325240248814225,0.22674963995814323,COMPLETED,Sobol,0.44072633516043425,8.823758,0.476382178286008,0.018005034941207435
1,0.456,1,1_0,1.3088829964399338,4.556036494672298,4.119904175400734,0.36859649373218417,0.8075995683670044,0.7252783802337944,0.06695597432553768,0.5237807082012296,COMPLETED,Sobol,0.40926331747323275,9.808767,0.45564146209843076,0.018414614610401222
2,0.391,2,2_0,4.999999999999261,1.0000000000362974,1.0000000000241847,0.9999999999919056,0.10000000000203413,0.24238115107208022,0.9999999999994317,0.0,COMPLETED,FullyBayesian,5.683231663056176e-13,174.358474,0.3935698183869498,0.018559719903254706
3,0.512,3,3_0,4.999999999995962,1.000000000002221,4.999999999996803,0.10000000000119416,0.999999999999142,0.10000000000088666,0.9999999999988317,9.355468482483616e-13,COMPLETED,FullyBayesian,2.327027459614328e-13,155.82428,0.5098990578186372,0.01818590946266583
4,0.348,4,4_0,3.952003084505123,4.9999999999063265,1.0,0.1,1.0,0.1,4.801681487610126e-10,0.9999999994948896,COMPLETED,FullyBayesian,2.4942270471228767e-11,1.327015,0.35441649434966827,0.019453923216318014
