{"{'remove_composition_degeneracy': True, 'remove_scaling_degeneracy': False, 'use_order_constraint': True}": {"10": [0.6980000000000001, 0.705, 0.592, 0.652, 0.6920000000000001, 0.706, 0.671, 0.652, 0.6920000000000001, 0.706, 0.644, 0.647, 0.675, 0.612, 0.6910000000000001, 0.6960000000000001, 0.6990000000000001, 0.681, 0.639, 0.6910000000000001, 0.668, 0.656, 0.7030000000000001, 0.687, 0.6920000000000001, 0.681, 0.7030000000000001, 0.591, 0.666, 0.672, 0.6930000000000001, 0.64, 0.664, 0.589, 0.645, 0.713, 0.7000000000000001, 0.671, 0.6930000000000001, 0.6890000000000001, 0.659, 0.6950000000000001, 0.6900000000000001, 0.663, 0.625, 0.65, 0.6940000000000001, 0.663, 0.636, 0.545], "11": [0.676, 0.684, 0.733, 0.741, 0.739, 0.7020000000000001, 0.654, 0.67, 0.657, 0.6940000000000001, 0.5750000000000001, 0.589, 0.644, 0.6970000000000001, 0.6950000000000001, 0.63, 0.682, 0.686, 0.72, 0.719, 0.6960000000000001, 0.71, 0.669, 0.648, 0.6950000000000001, 0.6950000000000001, 0.6920000000000001, 0.708, 0.71, 0.6910000000000001, 0.728, 0.668, 0.71, 0.678, 0.716, 0.732, 0.737, 0.732, 0.6880000000000001, 0.529, 0.744, 0.707, 0.6990000000000001, 0.708, 0.679, 0.6950000000000001, 0.6970000000000001, 0.714, 0.682, 0.706], "12": [0.7020000000000001, 0.734, 0.705, 0.717, 0.724, 0.653, 0.739, 0.657, 0.744, 0.722, 0.647, 0.7010000000000001, 0.6990000000000001, 0.742, 0.5700000000000001, 0.731, 0.71, 0.705, 0.759, 0.721, 0.5750000000000001, 0.735, 0.7010000000000001, 0.63, 0.675, 0.726, 0.673, 0.656, 0.735, 0.6910000000000001, 0.735, 0.677, 0.647, 0.6920000000000001, 0.683, 0.729, 0.711, 0.75, 0.6930000000000001, 0.722, 0.724, 0.751, 0.658, 0.657, 0.749, 0.7020000000000001, 0.639, 0.747, 0.677, 0.588], "13": [0.68, 0.712, 0.71, 0.636, 0.725, 0.682, 0.658, 0.672, 0.709, 0.664, 0.605, 0.704, 0.679, 0.6950000000000001, 0.673, 0.683, 0.631, 0.679, 0.673, 0.705, 0.683, 0.708, 0.687, 0.747, 0.719, 0.706, 0.714, 0.716, 0.657, 0.598, 0.719, 0.725, 0.589, 0.71, 0.6930000000000001, 0.7020000000000001, 0.729, 0.67, 0.715, 0.708, 0.562, 0.706, 0.747, 0.67, 0.586, 0.6930000000000001, 0.683, 0.6880000000000001, 0.5690000000000001, 0.667], "14": [0.6930000000000001, 0.739, 0.7010000000000001, 0.582, 0.717, 0.734, 0.721, 0.709, 0.594, 0.724, 0.71, 0.759, 0.687, 0.771, 0.717, 0.71, 0.662, 0.654, 0.721, 0.707, 0.747, 0.744, 0.705, 0.6000000000000001, 0.748, 0.585, 0.7020000000000001, 0.5760000000000001, 0.653, 0.749, 0.668, 0.726, 0.664, 0.748, 0.704, 0.705, 0.75, 0.743, 0.6920000000000001, 0.6990000000000001, 0.754, 0.753, 0.758, 0.642, 0.722, 0.683, 0.729, 0.709, 0.7010000000000001, 0.757], "15": [0.676, 0.657, 0.685, 0.5760000000000001, 0.68, 0.682, 0.677, 0.68, 0.667, 0.674, 0.681, 0.675, 0.682, 0.665, 0.663, 0.579, 0.666, 0.62, 0.662, 0.679, 0.675, 0.673, 0.662, 0.66, 0.665, 0.679, 0.679, 0.659, 0.674, 0.675, 0.639, 0.664, 0.665, 0.628, 0.615, 0.645, 0.5690000000000001, 0.656, 0.641, 0.616, 0.676, 0.6950000000000001, 0.657, 0.656, 0.636, 0.673, 0.58, 0.673, 0.684, 0.659], "16": [0.678, 0.644, 0.677, 0.753, 0.704, 0.68, 0.6940000000000001, 0.723, 0.746, 0.673, 0.724, 0.726, 0.707, 0.669, 0.72, 0.725, 0.67, 0.685, 0.721, 0.676, 0.659, 0.715, 0.656, 0.721, 0.714, 0.707, 0.655, 0.665, 0.612, 0.6890000000000001, 0.686, 0.736, 0.712, 0.6000000000000001, 0.651, 0.6950000000000001, 0.741, 0.6890000000000001, 0.678, 0.669, 0.539, 0.641, 0.6990000000000001, 0.719, 0.728, 0.663, 0.664, 0.706, 0.6940000000000001, 0.658], "17": [0.649, 0.751, 0.6950000000000001, 0.722, 0.743, 0.734, 0.67, 0.725, 0.725, 0.6880000000000001, 0.756, 0.716, 0.758, 0.654, 0.716, 0.762, 0.73, 0.6990000000000001, 0.687, 0.6000000000000001, 0.744, 0.711, 0.645, 0.729, 0.737, 0.717, 0.741, 0.647, 0.675, 0.646, 0.704, 0.736, 0.741, 0.646, 0.706, 0.645, 0.74, 0.723, 0.751, 0.729, 0.715, 0.735, 0.711, 0.605, 0.764, 0.741, 0.729, 0.587, 0.612, 0.781], "18": [0.752, 0.734, 0.724, 0.738, 0.64, 0.719, 0.6920000000000001, 0.609, 0.6920000000000001, 0.726, 0.6960000000000001, 0.7000000000000001, 0.686, 0.755, 0.734, 0.657, 0.724, 0.658, 0.744, 0.644, 0.61, 0.735, 0.74, 0.718, 0.622, 0.683, 0.724, 0.75, 0.706, 0.65, 0.6960000000000001, 0.711, 0.734, 0.759, 0.741, 0.754, 0.668, 0.736, 0.677, 0.56, 0.664, 0.725, 0.73, 0.735, 0.748, 0.659, 0.745, 0.668, 0.74, 0.722], "19": [0.734, 0.645, 0.711, 0.615, 0.771, 0.713, 0.759, 0.601, 0.76, 0.733, 0.6890000000000001, 0.745, 0.752, 0.737, 0.649, 0.7000000000000001, 0.6950000000000001, 0.663, 0.612, 0.751, 0.724, 0.74, 0.662, 0.663, 0.752, 0.713, 0.744, 0.722, 0.74, 0.6990000000000001, 0.683, 0.682, 0.748, 0.704, 0.724, 0.527, 0.715, 0.752, 0.765, 0.6880000000000001, 0.642, 0.66, 0.6970000000000001, 0.734, 0.672, 0.683, 0.748, 0.705, 0.627, 0.658]}, "{'remove_composition_degeneracy': True, 'remove_scaling_degeneracy': False, 'use_order_constraint': False}": {"10": [0.728, 0.717, 0.653, 0.708, 0.766, 0.634, 0.6950000000000001, 0.735, 0.67, 0.714, 0.709, 0.729, 0.658, 0.648, 0.727, 0.76, 0.706, 0.714, 0.712, 0.733, 0.71, 0.716, 0.728, 0.6930000000000001, 0.749, 0.671, 0.652, 0.65, 0.745, 0.677, 0.638, 0.708, 0.6950000000000001, 0.704, 0.577, 0.71, 0.717, 0.713, 0.6990000000000001, 0.594, 0.638, 0.717, 0.736, 0.749, 0.615, 0.713, 0.725, 0.6940000000000001, 0.721, 0.726], "11": [0.6950000000000001, 0.752, 0.746, 0.647, 0.719, 0.745, 0.667, 0.671, 0.7020000000000001, 0.686, 0.725, 0.6990000000000001, 0.715, 0.735, 0.73, 0.711, 0.704, 0.757, 0.5710000000000001, 0.663, 0.687, 0.647, 0.639, 0.748, 0.758, 0.734, 0.71, 0.763, 0.739, 0.712, 0.736, 0.757, 0.725, 0.758, 0.731, 0.6910000000000001, 0.6960000000000001, 0.734, 0.6880000000000001, 0.727, 0.734, 0.748, 0.706, 0.782, 0.735, 0.722, 0.631, 0.752, 0.725, 0.73], "12": [0.755, 0.76, 0.753, 0.7030000000000001, 0.6940000000000001, 0.651, 0.708, 0.735, 0.737, 0.722, 0.746, 0.661, 0.706, 0.6920000000000001, 0.752, 0.759, 0.642, 0.755, 0.748, 0.704, 0.736, 0.685, 0.736, 0.668, 0.7000000000000001, 0.722, 0.626, 0.668, 0.739, 0.746, 0.752, 0.729, 0.732, 0.728, 0.721, 0.759, 0.733, 0.779, 0.728, 0.725, 0.628, 0.77, 0.755, 0.584, 0.752, 0.776, 0.686, 0.749, 0.748, 0.7030000000000001], "13": [0.7030000000000001, 0.596, 0.715, 0.72, 0.738, 0.6890000000000001, 0.676, 0.654, 0.717, 0.548, 0.733, 0.704, 0.649, 0.756, 0.724, 0.6910000000000001, 0.711, 0.717, 0.714, 0.713, 0.667, 0.654, 0.685, 0.7020000000000001, 0.6900000000000001, 0.715, 0.713, 0.68, 0.6990000000000001, 0.737, 0.682, 0.705, 0.73, 0.548, 0.683, 0.677, 0.728, 0.734, 0.678, 0.7010000000000001, 0.735, 0.726, 0.708, 0.6970000000000001, 0.715, 0.665, 0.711, 0.732, 0.714, 0.672], "14": [0.706, 0.6880000000000001, 0.707, 0.705, 0.724, 0.65, 0.708, 0.744, 0.668, 0.651, 0.669, 0.742, 0.557, 0.612, 0.723, 0.687, 0.674, 0.671, 0.68, 0.723, 0.652, 0.538, 0.6950000000000001, 0.714, 0.722, 0.6980000000000001, 0.642, 0.6920000000000001, 0.668, 0.6950000000000001, 0.685, 0.727, 0.74, 0.676, 0.685, 0.7020000000000001, 0.657, 0.6880000000000001, 0.728, 0.684, 0.671, 0.636, 0.644, 0.7020000000000001, 0.719, 0.734, 0.586, 0.665, 0.678, 0.707], "15": [0.623, 0.735, 0.71, 0.728, 0.733, 0.729, 0.716, 0.738, 0.725, 0.638, 0.743, 0.721, 0.713, 0.7010000000000001, 0.663, 0.711, 0.727, 0.741, 0.738, 0.608, 0.726, 0.729, 0.734, 0.626, 0.6960000000000001, 0.721, 0.717, 0.715, 0.663, 0.619, 0.746, 0.753, 0.715, 0.7010000000000001, 0.747, 0.749, 0.723, 0.738, 0.6940000000000001, 0.727, 0.756, 0.74, 0.67, 0.683, 0.723, 0.742, 0.6890000000000001, 0.687, 0.709, 0.626], "16": [0.6900000000000001, 0.738, 0.707, 0.737, 0.644, 0.677, 0.732, 0.662, 0.639, 0.743, 0.744, 0.743, 0.676, 0.755, 0.708, 0.6970000000000001, 0.67, 0.721, 0.726, 0.733, 0.662, 0.704, 0.753, 0.722, 0.733, 0.629, 0.751, 0.712, 0.659, 0.71, 0.741, 0.7030000000000001, 0.6880000000000001, 0.687, 0.766, 0.635, 0.5700000000000001, 0.592, 0.745, 0.682, 0.7010000000000001, 0.735, 0.704, 0.708, 0.718, 0.743, 0.6970000000000001, 0.712, 0.728, 0.716],